cluster_rank,h0_feature_index,birth,death,persistence,num_points_in_cluster,top_genres,top_artists,sample_songs
1,446650,7.300048565639372e-08,1.1947211027145386,1.194721029714053,480368,"['Unknown genre'], ['ccm', 'christian alternative rock', 'christian music', 'worship'], ['contemporary country', 'country', 'country road'], ['gospel'], ['adult standards', 'easy listening', 'lounge']","Frank Sinatra, Johnny Cash, Willie Nelson, Elvis Presley, Ella Fitzgerald",None — paper doll come try it on step out of that black chiffon here s a dress of gold and blue sure was fu...; None — on my way on my way on my way on my way i would like to reach out my hand oombayseeyou oombaytellyou...; Lil Uzi Vert — are you alright i m alright i m quite alright and my money s right 8 countin them bands all way to t...; None — it s tearin up my heart when i m with you but when we are apart i feel it too and no matter what i d...; None — some of us we re hardly ever here the rest of us we re born to disappear how do i stop myself from b...
2,446649,5.960464477539063e-08,1.1904667615890503,1.1904667019844055,480368,"['Unknown genre'], ['ccm', 'christian alternative rock', 'christian music', 'worship'], ['contemporary country', 'country', 'country road'], ['gospel'], ['adult standards', 'easy listening', 'lounge']","Frank Sinatra, Johnny Cash, Willie Nelson, Elvis Presley, Ella Fitzgerald",None — paper doll come try it on step out of that black chiffon here s a dress of gold and blue sure was fu...; None — on my way on my way on my way on my way i would like to reach out my hand oombayseeyou oombaytellyou...; Lil Uzi Vert — are you alright i m alright i m quite alright and my money s right 8 countin them bands all way to t...; None — it s tearin up my heart when i m with you but when we are apart i feel it too and no matter what i d...; None — some of us we re hardly ever here the rest of us we re born to disappear how do i stop myself from b...
3,446648,5.960464477539063e-08,1.1822634935379028,1.182263433933258,480368,"['Unknown genre'], ['ccm', 'christian alternative rock', 'christian music', 'worship'], ['contemporary country', 'country', 'country road'], ['gospel'], ['adult standards', 'easy listening', 'lounge']","Frank Sinatra, Johnny Cash, Willie Nelson, Elvis Presley, Ella Fitzgerald",None — paper doll come try it on step out of that black chiffon here s a dress of gold and blue sure was fu...; None — on my way on my way on my way on my way i would like to reach out my hand oombayseeyou oombaytellyou...; Lil Uzi Vert — are you alright i m alright i m quite alright and my money s right 8 countin them bands all way to t...; None — it s tearin up my heart when i m with you but when we are apart i feel it too and no matter what i d...; None — some of us we re hardly ever here the rest of us we re born to disappear how do i stop myself from b...
4,446647,5.960464477539063e-08,1.1720671653747559,1.172067105770111,480368,"['Unknown genre'], ['ccm', 'christian alternative rock', 'christian music', 'worship'], ['contemporary country', 'country', 'country road'], ['gospel'], ['adult standards', 'easy listening', 'lounge']","Frank Sinatra, Johnny Cash, Willie Nelson, Elvis Presley, Ella Fitzgerald",None — paper doll come try it on step out of that black chiffon here s a dress of gold and blue sure was fu...; None — on my way on my way on my way on my way i would like to reach out my hand oombayseeyou oombaytellyou...; Lil Uzi Vert — are you alright i m alright i m quite alright and my money s right 8 countin them bands all way to t...; None — it s tearin up my heart when i m with you but when we are apart i feel it too and no matter what i d...; None — some of us we re hardly ever here the rest of us we re born to disappear how do i stop myself from b...
5,446646,0.0,1.1671000719070435,1.1671000719070435,480368,"['Unknown genre'], ['ccm', 'christian alternative rock', 'christian music', 'worship'], ['contemporary country', 'country', 'country road'], ['gospel'], ['adult standards', 'easy listening', 'lounge']","Frank Sinatra, Johnny Cash, Willie Nelson, Elvis Presley, Ella Fitzgerald",None — paper doll come try it on step out of that black chiffon here s a dress of gold and blue sure was fu...; None — on my way on my way on my way on my way i would like to reach out my hand oombayseeyou oombaytellyou...; Lil Uzi Vert — are you alright i m alright i m quite alright and my money s right 8 countin them bands all way to t...; None — it s tearin up my heart when i m with you but when we are apart i feel it too and no matter what i d...; None — some of us we re hardly ever here the rest of us we re born to disappear how do i stop myself from b...
6,446645,4.214684778958144e-08,1.1637247800827026,1.1637247379358548,480368,"['Unknown genre'], ['ccm', 'christian alternative rock', 'christian music', 'worship'], ['contemporary country', 'country', 'country road'], ['gospel'], ['adult standards', 'easy listening', 'lounge']","Frank Sinatra, Johnny Cash, Willie Nelson, Elvis Presley, Ella Fitzgerald",None — paper doll come try it on step out of that black chiffon here s a dress of gold and blue sure was fu...; None — on my way on my way on my way on my way i would like to reach out my hand oombayseeyou oombaytellyou...; Lil Uzi Vert — are you alright i m alright i m quite alright and my money s right 8 countin them bands all way to t...; None — it s tearin up my heart when i m with you but when we are apart i feel it too and no matter what i d...; None — some of us we re hardly ever here the rest of us we re born to disappear how do i stop myself from b...
7,446644,5.960464477539063e-08,1.1612911224365234,1.1612910628318787,480368,"['Unknown genre'], ['ccm', 'christian alternative rock', 'christian music', 'worship'], ['contemporary country', 'country', 'country road'], ['gospel'], ['adult standards', 'easy listening', 'lounge']","Frank Sinatra, Johnny Cash, Willie Nelson, Elvis Presley, Ella Fitzgerald",None — paper doll come try it on step out of that black chiffon here s a dress of gold and blue sure was fu...; None — on my way on my way on my way on my way i would like to reach out my hand oombayseeyou oombaytellyou...; Lil Uzi Vert — are you alright i m alright i m quite alright and my money s right 8 countin them bands all way to t...; None — it s tearin up my heart when i m with you but when we are apart i feel it too and no matter what i d...; None — some of us we re hardly ever here the rest of us we re born to disappear how do i stop myself from b...
8,446643,4.214684778958144e-08,1.1584829092025757,1.158482867055728,480368,"['Unknown genre'], ['ccm', 'christian alternative rock', 'christian music', 'worship'], ['contemporary country', 'country', 'country road'], ['gospel'], ['adult standards', 'easy listening', 'lounge']","Frank Sinatra, Johnny Cash, Willie Nelson, Elvis Presley, Ella Fitzgerald",None — paper doll come try it on step out of that black chiffon here s a dress of gold and blue sure was fu...; None — on my way on my way on my way on my way i would like to reach out my hand oombayseeyou oombaytellyou...; Lil Uzi Vert — are you alright i m alright i m quite alright and my money s right 8 countin them bands all way to t...; None — it s tearin up my heart when i m with you but when we are apart i feel it too and no matter what i d...; None — some of us we re hardly ever here the rest of us we re born to disappear how do i stop myself from b...
9,446642,5.960464477539063e-08,1.1560454368591309,1.156045377254486,480368,"['Unknown genre'], ['ccm', 'christian alternative rock', 'christian music', 'worship'], ['contemporary country', 'country', 'country road'], ['gospel'], ['adult standards', 'easy listening', 'lounge']","Frank Sinatra, Johnny Cash, Willie Nelson, Elvis Presley, Ella Fitzgerald",None — paper doll come try it on step out of that black chiffon here s a dress of gold and blue sure was fu...; None — on my way on my way on my way on my way i would like to reach out my hand oombayseeyou oombaytellyou...; Lil Uzi Vert — are you alright i m alright i m quite alright and my money s right 8 countin them bands all way to t...; None — it s tearin up my heart when i m with you but when we are apart i feel it too and no matter what i d...; None — some of us we re hardly ever here the rest of us we re born to disappear how do i stop myself from b...
10,446641,4.214684778958144e-08,1.1545190811157227,1.1545190389688749,480368,"['Unknown genre'], ['ccm', 'christian alternative rock', 'christian music', 'worship'], ['contemporary country', 'country', 'country road'], ['gospel'], ['adult standards', 'easy listening', 'lounge']","Frank Sinatra, Johnny Cash, Willie Nelson, Elvis Presley, Ella Fitzgerald",None — paper doll come try it on step out of that black chiffon here s a dress of gold and blue sure was fu...; None — on my way on my way on my way on my way i would like to reach out my hand oombayseeyou oombaytellyou...; Lil Uzi Vert — are you alright i m alright i m quite alright and my money s right 8 countin them bands all way to t...; None — it s tearin up my heart when i m with you but when we are apart i feel it too and no matter what i d...; None — some of us we re hardly ever here the rest of us we re born to disappear how do i stop myself from b...
11,446640,5.960464477539063e-08,1.1544830799102783,1.1544830203056335,480368,"['Unknown genre'], ['ccm', 'christian alternative rock', 'christian music', 'worship'], ['contemporary country', 'country', 'country road'], ['gospel'], ['adult standards', 'easy listening', 'lounge']","Frank Sinatra, Johnny Cash, Willie Nelson, Elvis Presley, Ella Fitzgerald",None — paper doll come try it on step out of that black chiffon here s a dress of gold and blue sure was fu...; None — on my way on my way on my way on my way i would like to reach out my hand oombayseeyou oombaytellyou...; Lil Uzi Vert — are you alright i m alright i m quite alright and my money s right 8 countin them bands all way to t...; None — it s tearin up my heart when i m with you but when we are apart i feel it too and no matter what i d...; None — some of us we re hardly ever here the rest of us we re born to disappear how do i stop myself from b...
12,446639,4.214684778958144e-08,1.1538293361663818,1.153829294019534,480368,"['Unknown genre'], ['ccm', 'christian alternative rock', 'christian music', 'worship'], ['contemporary country', 'country', 'country road'], ['gospel'], ['adult standards', 'easy listening', 'lounge']","Frank Sinatra, Johnny Cash, Willie Nelson, Elvis Presley, Ella Fitzgerald",None — paper doll come try it on step out of that black chiffon here s a dress of gold and blue sure was fu...; None — on my way on my way on my way on my way i would like to reach out my hand oombayseeyou oombaytellyou...; Lil Uzi Vert — are you alright i m alright i m quite alright and my money s right 8 countin them bands all way to t...; None — it s tearin up my heart when i m with you but when we are apart i feel it too and no matter what i d...; None — some of us we re hardly ever here the rest of us we re born to disappear how do i stop myself from b...
13,446638,4.214684778958144e-08,1.1510522365570068,1.151052194410159,480368,"['Unknown genre'], ['ccm', 'christian alternative rock', 'christian music', 'worship'], ['contemporary country', 'country', 'country road'], ['gospel'], ['adult standards', 'easy listening', 'lounge']","Frank Sinatra, Johnny Cash, Willie Nelson, Elvis Presley, Ella Fitzgerald",None — paper doll come try it on step out of that black chiffon here s a dress of gold and blue sure was fu...; None — on my way on my way on my way on my way i would like to reach out my hand oombayseeyou oombaytellyou...; Lil Uzi Vert — are you alright i m alright i m quite alright and my money s right 8 countin them bands all way to t...; None — it s tearin up my heart when i m with you but when we are apart i feel it too and no matter what i d...; None — some of us we re hardly ever here the rest of us we re born to disappear how do i stop myself from b...
14,446637,4.214684778958144e-08,1.1485472917556763,1.1485472496088285,480368,"['Unknown genre'], ['ccm', 'christian alternative rock', 'christian music', 'worship'], ['contemporary country', 'country', 'country road'], ['gospel'], ['adult standards', 'easy listening', 'lounge']","Frank Sinatra, Johnny Cash, Willie Nelson, Elvis Presley, Ella Fitzgerald",None — paper doll come try it on step out of that black chiffon here s a dress of gold and blue sure was fu...; None — on my way on my way on my way on my way i would like to reach out my hand oombayseeyou oombaytellyou...; Lil Uzi Vert — are you alright i m alright i m quite alright and my money s right 8 countin them bands all way to t...; None — it s tearin up my heart when i m with you but when we are apart i feel it too and no matter what i d...; None — some of us we re hardly ever here the rest of us we re born to disappear how do i stop myself from b...
15,446636,5.960464477539063e-08,1.1484380960464478,1.148438036441803,480368,"['Unknown genre'], ['ccm', 'christian alternative rock', 'christian music', 'worship'], ['contemporary country', 'country', 'country road'], ['gospel'], ['adult standards', 'easy listening', 'lounge']","Frank Sinatra, Johnny Cash, Willie Nelson, Elvis Presley, Ella Fitzgerald",None — paper doll come try it on step out of that black chiffon here s a dress of gold and blue sure was fu...; None — on my way on my way on my way on my way i would like to reach out my hand oombayseeyou oombaytellyou...; Lil Uzi Vert — are you alright i m alright i m quite alright and my money s right 8 countin them bands all way to t...; None — it s tearin up my heart when i m with you but when we are apart i feel it too and no matter what i d...; None — some of us we re hardly ever here the rest of us we re born to disappear how do i stop myself from b...
16,446635,5.960464477539063e-08,1.1483255624771118,1.148325502872467,480368,"['Unknown genre'], ['ccm', 'christian alternative rock', 'christian music', 'worship'], ['contemporary country', 'country', 'country road'], ['gospel'], ['adult standards', 'easy listening', 'lounge']","Frank Sinatra, Johnny Cash, Willie Nelson, Elvis Presley, Ella Fitzgerald",None — paper doll come try it on step out of that black chiffon here s a dress of gold and blue sure was fu...; None — on my way on my way on my way on my way i would like to reach out my hand oombayseeyou oombaytellyou...; Lil Uzi Vert — are you alright i m alright i m quite alright and my money s right 8 countin them bands all way to t...; None — it s tearin up my heart when i m with you but when we are apart i feel it too and no matter what i d...; None — some of us we re hardly ever here the rest of us we re born to disappear how do i stop myself from b...
17,446634,5.960464477539063e-08,1.1470701694488525,1.1470701098442078,480368,"['Unknown genre'], ['ccm', 'christian alternative rock', 'christian music', 'worship'], ['contemporary country', 'country', 'country road'], ['gospel'], ['adult standards', 'easy listening', 'lounge']","Frank Sinatra, Johnny Cash, Willie Nelson, Elvis Presley, Ella Fitzgerald",None — paper doll come try it on step out of that black chiffon here s a dress of gold and blue sure was fu...; None — on my way on my way on my way on my way i would like to reach out my hand oombayseeyou oombaytellyou...; Lil Uzi Vert — are you alright i m alright i m quite alright and my money s right 8 countin them bands all way to t...; None — it s tearin up my heart when i m with you but when we are apart i feel it too and no matter what i d...; None — some of us we re hardly ever here the rest of us we re born to disappear how do i stop myself from b...
18,446633,4.214684778958144e-08,1.145110845565796,1.145110803418948,480368,"['Unknown genre'], ['ccm', 'christian alternative rock', 'christian music', 'worship'], ['contemporary country', 'country', 'country road'], ['gospel'], ['adult standards', 'easy listening', 'lounge']","Frank Sinatra, Johnny Cash, Willie Nelson, Elvis Presley, Ella Fitzgerald",None — paper doll come try it on step out of that black chiffon here s a dress of gold and blue sure was fu...; None — on my way on my way on my way on my way i would like to reach out my hand oombayseeyou oombaytellyou...; Lil Uzi Vert — are you alright i m alright i m quite alright and my money s right 8 countin them bands all way to t...; None — it s tearin up my heart when i m with you but when we are apart i feel it too and no matter what i d...; None — some of us we re hardly ever here the rest of us we re born to disappear how do i stop myself from b...
19,446632,0.0,1.1438384056091309,1.1438384056091309,480368,"['Unknown genre'], ['ccm', 'christian alternative rock', 'christian music', 'worship'], ['contemporary country', 'country', 'country road'], ['gospel'], ['adult standards', 'easy listening', 'lounge']","Frank Sinatra, Johnny Cash, Willie Nelson, Elvis Presley, Ella Fitzgerald",None — paper doll come try it on step out of that black chiffon here s a dress of gold and blue sure was fu...; None — on my way on my way on my way on my way i would like to reach out my hand oombayseeyou oombaytellyou...; Lil Uzi Vert — are you alright i m alright i m quite alright and my money s right 8 countin them bands all way to t...; None — it s tearin up my heart when i m with you but when we are apart i feel it too and no matter what i d...; None — some of us we re hardly ever here the rest of us we re born to disappear how do i stop myself from b...
20,446631,5.960464477539063e-08,1.142236351966858,1.1422362923622131,480368,"['Unknown genre'], ['ccm', 'christian alternative rock', 'christian music', 'worship'], ['contemporary country', 'country', 'country road'], ['gospel'], ['adult standards', 'easy listening', 'lounge']","Frank Sinatra, Johnny Cash, Willie Nelson, Elvis Presley, Ella Fitzgerald",None — paper doll come try it on step out of that black chiffon here s a dress of gold and blue sure was fu...; None — on my way on my way on my way on my way i would like to reach out my hand oombayseeyou oombaytellyou...; Lil Uzi Vert — are you alright i m alright i m quite alright and my money s right 8 countin them bands all way to t...; None — it s tearin up my heart when i m with you but when we are apart i feel it too and no matter what i d...; None — some of us we re hardly ever here the rest of us we re born to disappear how do i stop myself from b...
21,446630,4.214684778958144e-08,1.1410768032073975,1.1410767610605497,480368,"['Unknown genre'], ['ccm', 'christian alternative rock', 'christian music', 'worship'], ['contemporary country', 'country', 'country road'], ['gospel'], ['adult standards', 'easy listening', 'lounge']","Frank Sinatra, Johnny Cash, Willie Nelson, Elvis Presley, Ella Fitzgerald",None — paper doll come try it on step out of that black chiffon here s a dress of gold and blue sure was fu...; None — on my way on my way on my way on my way i would like to reach out my hand oombayseeyou oombaytellyou...; Lil Uzi Vert — are you alright i m alright i m quite alright and my money s right 8 countin them bands all way to t...; None — it s tearin up my heart when i m with you but when we are apart i feel it too and no matter what i d...; None — some of us we re hardly ever here the rest of us we re born to disappear how do i stop myself from b...
22,446629,0.0,1.1407848596572876,1.1407848596572876,480368,"['Unknown genre'], ['ccm', 'christian alternative rock', 'christian music', 'worship'], ['contemporary country', 'country', 'country road'], ['gospel'], ['adult standards', 'easy listening', 'lounge']","Frank Sinatra, Johnny Cash, Willie Nelson, Elvis Presley, Ella Fitzgerald",None — paper doll come try it on step out of that black chiffon here s a dress of gold and blue sure was fu...; None — on my way on my way on my way on my way i would like to reach out my hand oombayseeyou oombaytellyou...; Lil Uzi Vert — are you alright i m alright i m quite alright and my money s right 8 countin them bands all way to t...; None — it s tearin up my heart when i m with you but when we are apart i feel it too and no matter what i d...; None — some of us we re hardly ever here the rest of us we re born to disappear how do i stop myself from b...
23,446628,4.214684778958144e-08,1.140498399734497,1.1404983575876493,480368,"['Unknown genre'], ['ccm', 'christian alternative rock', 'christian music', 'worship'], ['contemporary country', 'country', 'country road'], ['gospel'], ['adult standards', 'easy listening', 'lounge']","Frank Sinatra, Johnny Cash, Willie Nelson, Elvis Presley, Ella Fitzgerald",None — paper doll come try it on step out of that black chiffon here s a dress of gold and blue sure was fu...; None — on my way on my way on my way on my way i would like to reach out my hand oombayseeyou oombaytellyou...; Lil Uzi Vert — are you alright i m alright i m quite alright and my money s right 8 countin them bands all way to t...; None — it s tearin up my heart when i m with you but when we are apart i feel it too and no matter what i d...; None — some of us we re hardly ever here the rest of us we re born to disappear how do i stop myself from b...
24,446627,4.214684778958144e-08,1.1394299268722534,1.1394298847254056,480368,"['Unknown genre'], ['ccm', 'christian alternative rock', 'christian music', 'worship'], ['contemporary country', 'country', 'country road'], ['gospel'], ['adult standards', 'easy listening', 'lounge']","Frank Sinatra, Johnny Cash, Willie Nelson, Elvis Presley, Ella Fitzgerald",None — paper doll come try it on step out of that black chiffon here s a dress of gold and blue sure was fu...; None — on my way on my way on my way on my way i would like to reach out my hand oombayseeyou oombaytellyou...; Lil Uzi Vert — are you alright i m alright i m quite alright and my money s right 8 countin them bands all way to t...; None — it s tearin up my heart when i m with you but when we are apart i feel it too and no matter what i d...; None — some of us we re hardly ever here the rest of us we re born to disappear how do i stop myself from b...
25,446626,4.214684778958144e-08,1.1383814811706543,1.1383814390238065,480368,"['Unknown genre'], ['ccm', 'christian alternative rock', 'christian music', 'worship'], ['contemporary country', 'country', 'country road'], ['gospel'], ['adult standards', 'easy listening', 'lounge']","Frank Sinatra, Johnny Cash, Willie Nelson, Elvis Presley, Ella Fitzgerald",None — paper doll come try it on step out of that black chiffon here s a dress of gold and blue sure was fu...; None — on my way on my way on my way on my way i would like to reach out my hand oombayseeyou oombaytellyou...; Lil Uzi Vert — are you alright i m alright i m quite alright and my money s right 8 countin them bands all way to t...; None — it s tearin up my heart when i m with you but when we are apart i feel it too and no matter what i d...; None — some of us we re hardly ever here the rest of us we re born to disappear how do i stop myself from b...
26,446625,0.0,1.135611653327942,1.135611653327942,480368,"['Unknown genre'], ['ccm', 'christian alternative rock', 'christian music', 'worship'], ['contemporary country', 'country', 'country road'], ['gospel'], ['adult standards', 'easy listening', 'lounge']","Frank Sinatra, Johnny Cash, Willie Nelson, Elvis Presley, Ella Fitzgerald",None — paper doll come try it on step out of that black chiffon here s a dress of gold and blue sure was fu...; None — on my way on my way on my way on my way i would like to reach out my hand oombayseeyou oombaytellyou...; Lil Uzi Vert — are you alright i m alright i m quite alright and my money s right 8 countin them bands all way to t...; None — it s tearin up my heart when i m with you but when we are apart i feel it too and no matter what i d...; None — some of us we re hardly ever here the rest of us we re born to disappear how do i stop myself from b...
27,446624,5.960464477539063e-08,1.1318984031677246,1.1318983435630798,480368,"['Unknown genre'], ['ccm', 'christian alternative rock', 'christian music', 'worship'], ['contemporary country', 'country', 'country road'], ['gospel'], ['adult standards', 'easy listening', 'lounge']","Frank Sinatra, Johnny Cash, Willie Nelson, Elvis Presley, Ella Fitzgerald",None — paper doll come try it on step out of that black chiffon here s a dress of gold and blue sure was fu...; None — on my way on my way on my way on my way i would like to reach out my hand oombayseeyou oombaytellyou...; Lil Uzi Vert — are you alright i m alright i m quite alright and my money s right 8 countin them bands all way to t...; None — it s tearin up my heart when i m with you but when we are apart i feel it too and no matter what i d...; None — some of us we re hardly ever here the rest of us we re born to disappear how do i stop myself from b...
28,446623,5.1619135632563484e-08,1.1299573183059692,1.1299572666868336,480368,"['Unknown genre'], ['ccm', 'christian alternative rock', 'christian music', 'worship'], ['contemporary country', 'country', 'country road'], ['gospel'], ['adult standards', 'easy listening', 'lounge']","Frank Sinatra, Johnny Cash, Willie Nelson, Elvis Presley, Ella Fitzgerald",None — paper doll come try it on step out of that black chiffon here s a dress of gold and blue sure was fu...; None — on my way on my way on my way on my way i would like to reach out my hand oombayseeyou oombaytellyou...; Lil Uzi Vert — are you alright i m alright i m quite alright and my money s right 8 countin them bands all way to t...; None — it s tearin up my heart when i m with you but when we are apart i feel it too and no matter what i d...; None — some of us we re hardly ever here the rest of us we re born to disappear how do i stop myself from b...
29,446622,4.214684778958144e-08,1.1295684576034546,1.1295684154566068,480368,"['Unknown genre'], ['ccm', 'christian alternative rock', 'christian music', 'worship'], ['contemporary country', 'country', 'country road'], ['gospel'], ['adult standards', 'easy listening', 'lounge']","Frank Sinatra, Johnny Cash, Willie Nelson, Elvis Presley, Ella Fitzgerald",None — paper doll come try it on step out of that black chiffon here s a dress of gold and blue sure was fu...; None — on my way on my way on my way on my way i would like to reach out my hand oombayseeyou oombaytellyou...; Lil Uzi Vert — are you alright i m alright i m quite alright and my money s right 8 countin them bands all way to t...; None — it s tearin up my heart when i m with you but when we are apart i feel it too and no matter what i d...; None — some of us we re hardly ever here the rest of us we re born to disappear how do i stop myself from b...
30,446621,4.214684778958144e-08,1.1295493841171265,1.1295493419702787,480368,"['Unknown genre'], ['ccm', 'christian alternative rock', 'christian music', 'worship'], ['contemporary country', 'country', 'country road'], ['gospel'], ['adult standards', 'easy listening', 'lounge']","Frank Sinatra, Johnny Cash, Willie Nelson, Elvis Presley, Ella Fitzgerald",None — paper doll come try it on step out of that black chiffon here s a dress of gold and blue sure was fu...; None — on my way on my way on my way on my way i would like to reach out my hand oombayseeyou oombaytellyou...; Lil Uzi Vert — are you alright i m alright i m quite alright and my money s right 8 countin them bands all way to t...; None — it s tearin up my heart when i m with you but when we are apart i feel it too and no matter what i d...; None — some of us we re hardly ever here the rest of us we re born to disappear how do i stop myself from b...
31,446620,4.214684778958144e-08,1.1289982795715332,1.1289982374246854,480368,"['Unknown genre'], ['ccm', 'christian alternative rock', 'christian music', 'worship'], ['contemporary country', 'country', 'country road'], ['gospel'], ['adult standards', 'easy listening', 'lounge']","Frank Sinatra, Johnny Cash, Willie Nelson, Elvis Presley, Ella Fitzgerald",None — paper doll come try it on step out of that black chiffon here s a dress of gold and blue sure was fu...; None — on my way on my way on my way on my way i would like to reach out my hand oombayseeyou oombaytellyou...; Lil Uzi Vert — are you alright i m alright i m quite alright and my money s right 8 countin them bands all way to t...; None — it s tearin up my heart when i m with you but when we are apart i feel it too and no matter what i d...; None — some of us we re hardly ever here the rest of us we re born to disappear how do i stop myself from b...
32,446619,4.214684778958144e-08,1.1289806365966797,1.128980594449832,480368,"['Unknown genre'], ['ccm', 'christian alternative rock', 'christian music', 'worship'], ['contemporary country', 'country', 'country road'], ['gospel'], ['adult standards', 'easy listening', 'lounge']","Frank Sinatra, Johnny Cash, Willie Nelson, Elvis Presley, Ella Fitzgerald",None — paper doll come try it on step out of that black chiffon here s a dress of gold and blue sure was fu...; None — on my way on my way on my way on my way i would like to reach out my hand oombayseeyou oombaytellyou...; Lil Uzi Vert — are you alright i m alright i m quite alright and my money s right 8 countin them bands all way to t...; None — it s tearin up my heart when i m with you but when we are apart i feel it too and no matter what i d...; None — some of us we re hardly ever here the rest of us we re born to disappear how do i stop myself from b...
33,446618,4.214684778958144e-08,1.1284745931625366,1.1284745510156888,480368,"['Unknown genre'], ['ccm', 'christian alternative rock', 'christian music', 'worship'], ['contemporary country', 'country', 'country road'], ['gospel'], ['adult standards', 'easy listening', 'lounge']","Frank Sinatra, Johnny Cash, Willie Nelson, Elvis Presley, Ella Fitzgerald",None — paper doll come try it on step out of that black chiffon here s a dress of gold and blue sure was fu...; None — on my way on my way on my way on my way i would like to reach out my hand oombayseeyou oombaytellyou...; Lil Uzi Vert — are you alright i m alright i m quite alright and my money s right 8 countin them bands all way to t...; None — it s tearin up my heart when i m with you but when we are apart i feel it too and no matter what i d...; None — some of us we re hardly ever here the rest of us we re born to disappear how do i stop myself from b...
34,446617,5.960464477539063e-08,1.12797212600708,1.1279720664024353,480368,"['Unknown genre'], ['ccm', 'christian alternative rock', 'christian music', 'worship'], ['contemporary country', 'country', 'country road'], ['gospel'], ['adult standards', 'easy listening', 'lounge']","Frank Sinatra, Johnny Cash, Willie Nelson, Elvis Presley, Ella Fitzgerald",None — paper doll come try it on step out of that black chiffon here s a dress of gold and blue sure was fu...; None — on my way on my way on my way on my way i would like to reach out my hand oombayseeyou oombaytellyou...; Lil Uzi Vert — are you alright i m alright i m quite alright and my money s right 8 countin them bands all way to t...; None — it s tearin up my heart when i m with you but when we are apart i feel it too and no matter what i d...; None — some of us we re hardly ever here the rest of us we re born to disappear how do i stop myself from b...
35,446616,5.960464477539063e-08,1.1270254850387573,1.1270254254341125,480368,"['Unknown genre'], ['ccm', 'christian alternative rock', 'christian music', 'worship'], ['contemporary country', 'country', 'country road'], ['gospel'], ['adult standards', 'easy listening', 'lounge']","Frank Sinatra, Johnny Cash, Willie Nelson, Elvis Presley, Ella Fitzgerald",None — paper doll come try it on step out of that black chiffon here s a dress of gold and blue sure was fu...; None — on my way on my way on my way on my way i would like to reach out my hand oombayseeyou oombaytellyou...; Lil Uzi Vert — are you alright i m alright i m quite alright and my money s right 8 countin them bands all way to t...; None — it s tearin up my heart when i m with you but when we are apart i feel it too and no matter what i d...; None — some of us we re hardly ever here the rest of us we re born to disappear how do i stop myself from b...
36,446615,5.960464477539063e-08,1.1264948844909668,1.126494824886322,480368,"['Unknown genre'], ['ccm', 'christian alternative rock', 'christian music', 'worship'], ['contemporary country', 'country', 'country road'], ['gospel'], ['adult standards', 'easy listening', 'lounge']","Frank Sinatra, Johnny Cash, Willie Nelson, Elvis Presley, Ella Fitzgerald",None — paper doll come try it on step out of that black chiffon here s a dress of gold and blue sure was fu...; None — on my way on my way on my way on my way i would like to reach out my hand oombayseeyou oombaytellyou...; Lil Uzi Vert — are you alright i m alright i m quite alright and my money s right 8 countin them bands all way to t...; None — it s tearin up my heart when i m with you but when we are apart i feel it too and no matter what i d...; None — some of us we re hardly ever here the rest of us we re born to disappear how do i stop myself from b...
37,446614,5.960464477539063e-08,1.1262354850769043,1.1262354254722595,480368,"['Unknown genre'], ['ccm', 'christian alternative rock', 'christian music', 'worship'], ['contemporary country', 'country', 'country road'], ['gospel'], ['adult standards', 'easy listening', 'lounge']","Frank Sinatra, Johnny Cash, Willie Nelson, Elvis Presley, Ella Fitzgerald",None — paper doll come try it on step out of that black chiffon here s a dress of gold and blue sure was fu...; None — on my way on my way on my way on my way i would like to reach out my hand oombayseeyou oombaytellyou...; Lil Uzi Vert — are you alright i m alright i m quite alright and my money s right 8 countin them bands all way to t...; None — it s tearin up my heart when i m with you but when we are apart i feel it too and no matter what i d...; None — some of us we re hardly ever here the rest of us we re born to disappear how do i stop myself from b...
38,446613,7.300048565639372e-08,1.1261507272720337,1.126150654271548,480368,"['Unknown genre'], ['ccm', 'christian alternative rock', 'christian music', 'worship'], ['contemporary country', 'country', 'country road'], ['gospel'], ['adult standards', 'easy listening', 'lounge']","Frank Sinatra, Johnny Cash, Willie Nelson, Elvis Presley, Ella Fitzgerald",None — paper doll come try it on step out of that black chiffon here s a dress of gold and blue sure was fu...; None — on my way on my way on my way on my way i would like to reach out my hand oombayseeyou oombaytellyou...; Lil Uzi Vert — are you alright i m alright i m quite alright and my money s right 8 countin them bands all way to t...; None — it s tearin up my heart when i m with you but when we are apart i feel it too and no matter what i d...; None — some of us we re hardly ever here the rest of us we re born to disappear how do i stop myself from b...
39,446612,5.960464477539063e-08,1.125404715538025,1.1254046559333801,480368,"['Unknown genre'], ['ccm', 'christian alternative rock', 'christian music', 'worship'], ['contemporary country', 'country', 'country road'], ['gospel'], ['adult standards', 'easy listening', 'lounge']","Frank Sinatra, Johnny Cash, Willie Nelson, Elvis Presley, Ella Fitzgerald",None — paper doll come try it on step out of that black chiffon here s a dress of gold and blue sure was fu...; None — on my way on my way on my way on my way i would like to reach out my hand oombayseeyou oombaytellyou...; Lil Uzi Vert — are you alright i m alright i m quite alright and my money s right 8 countin them bands all way to t...; None — it s tearin up my heart when i m with you but when we are apart i feel it too and no matter what i d...; None — some of us we re hardly ever here the rest of us we re born to disappear how do i stop myself from b...
40,446611,5.960464477539063e-08,1.1249940395355225,1.1249939799308777,480368,"['Unknown genre'], ['ccm', 'christian alternative rock', 'christian music', 'worship'], ['contemporary country', 'country', 'country road'], ['gospel'], ['adult standards', 'easy listening', 'lounge']","Frank Sinatra, Johnny Cash, Willie Nelson, Elvis Presley, Ella Fitzgerald",None — paper doll come try it on step out of that black chiffon here s a dress of gold and blue sure was fu...; None — on my way on my way on my way on my way i would like to reach out my hand oombayseeyou oombaytellyou...; Lil Uzi Vert — are you alright i m alright i m quite alright and my money s right 8 countin them bands all way to t...; None — it s tearin up my heart when i m with you but when we are apart i feel it too and no matter what i d...; None — some of us we re hardly ever here the rest of us we re born to disappear how do i stop myself from b...
41,446610,0.0,1.124355673789978,1.124355673789978,480368,"['Unknown genre'], ['ccm', 'christian alternative rock', 'christian music', 'worship'], ['contemporary country', 'country', 'country road'], ['gospel'], ['adult standards', 'easy listening', 'lounge']","Frank Sinatra, Johnny Cash, Willie Nelson, Elvis Presley, Ella Fitzgerald",None — paper doll come try it on step out of that black chiffon here s a dress of gold and blue sure was fu...; None — on my way on my way on my way on my way i would like to reach out my hand oombayseeyou oombaytellyou...; Lil Uzi Vert — are you alright i m alright i m quite alright and my money s right 8 countin them bands all way to t...; None — it s tearin up my heart when i m with you but when we are apart i feel it too and no matter what i d...; None — some of us we re hardly ever here the rest of us we re born to disappear how do i stop myself from b...
42,446609,0.0,1.1243454217910767,1.1243454217910767,480368,"['Unknown genre'], ['ccm', 'christian alternative rock', 'christian music', 'worship'], ['contemporary country', 'country', 'country road'], ['gospel'], ['adult standards', 'easy listening', 'lounge']","Frank Sinatra, Johnny Cash, Willie Nelson, Elvis Presley, Ella Fitzgerald",None — paper doll come try it on step out of that black chiffon here s a dress of gold and blue sure was fu...; None — on my way on my way on my way on my way i would like to reach out my hand oombayseeyou oombaytellyou...; Lil Uzi Vert — are you alright i m alright i m quite alright and my money s right 8 countin them bands all way to t...; None — it s tearin up my heart when i m with you but when we are apart i feel it too and no matter what i d...; None — some of us we re hardly ever here the rest of us we re born to disappear how do i stop myself from b...
43,446608,5.960464477539063e-08,1.124282717704773,1.1242826581001282,480368,"['Unknown genre'], ['ccm', 'christian alternative rock', 'christian music', 'worship'], ['contemporary country', 'country', 'country road'], ['gospel'], ['adult standards', 'easy listening', 'lounge']","Frank Sinatra, Johnny Cash, Willie Nelson, Elvis Presley, Ella Fitzgerald",None — paper doll come try it on step out of that black chiffon here s a dress of gold and blue sure was fu...; None — on my way on my way on my way on my way i would like to reach out my hand oombayseeyou oombaytellyou...; Lil Uzi Vert — are you alright i m alright i m quite alright and my money s right 8 countin them bands all way to t...; None — it s tearin up my heart when i m with you but when we are apart i feel it too and no matter what i d...; None — some of us we re hardly ever here the rest of us we re born to disappear how do i stop myself from b...
44,446607,0.0,1.1212310791015625,1.1212310791015625,480368,"['Unknown genre'], ['ccm', 'christian alternative rock', 'christian music', 'worship'], ['contemporary country', 'country', 'country road'], ['gospel'], ['adult standards', 'easy listening', 'lounge']","Frank Sinatra, Johnny Cash, Willie Nelson, Elvis Presley, Ella Fitzgerald",None — paper doll come try it on step out of that black chiffon here s a dress of gold and blue sure was fu...; None — on my way on my way on my way on my way i would like to reach out my hand oombayseeyou oombaytellyou...; Lil Uzi Vert — are you alright i m alright i m quite alright and my money s right 8 countin them bands all way to t...; None — it s tearin up my heart when i m with you but when we are apart i feel it too and no matter what i d...; None — some of us we re hardly ever here the rest of us we re born to disappear how do i stop myself from b...
45,446606,5.1619135632563484e-08,1.1210942268371582,1.1210941752180226,480368,"['Unknown genre'], ['ccm', 'christian alternative rock', 'christian music', 'worship'], ['contemporary country', 'country', 'country road'], ['gospel'], ['adult standards', 'easy listening', 'lounge']","Frank Sinatra, Johnny Cash, Willie Nelson, Elvis Presley, Ella Fitzgerald",None — paper doll come try it on step out of that black chiffon here s a dress of gold and blue sure was fu...; None — on my way on my way on my way on my way i would like to reach out my hand oombayseeyou oombaytellyou...; Lil Uzi Vert — are you alright i m alright i m quite alright and my money s right 8 countin them bands all way to t...; None — it s tearin up my heart when i m with you but when we are apart i feel it too and no matter what i d...; None — some of us we re hardly ever here the rest of us we re born to disappear how do i stop myself from b...
46,446605,4.214684778958144e-08,1.1187336444854736,1.1187336023386258,480368,"['Unknown genre'], ['ccm', 'christian alternative rock', 'christian music', 'worship'], ['contemporary country', 'country', 'country road'], ['gospel'], ['adult standards', 'easy listening', 'lounge']","Frank Sinatra, Johnny Cash, Willie Nelson, Elvis Presley, Ella Fitzgerald",None — paper doll come try it on step out of that black chiffon here s a dress of gold and blue sure was fu...; None — on my way on my way on my way on my way i would like to reach out my hand oombayseeyou oombaytellyou...; Lil Uzi Vert — are you alright i m alright i m quite alright and my money s right 8 countin them bands all way to t...; None — it s tearin up my heart when i m with you but when we are apart i feel it too and no matter what i d...; None — some of us we re hardly ever here the rest of us we re born to disappear how do i stop myself from b...
47,446604,4.214684778958144e-08,1.1181190013885498,1.118118959241702,480368,"['Unknown genre'], ['ccm', 'christian alternative rock', 'christian music', 'worship'], ['contemporary country', 'country', 'country road'], ['gospel'], ['adult standards', 'easy listening', 'lounge']","Frank Sinatra, Johnny Cash, Willie Nelson, Elvis Presley, Ella Fitzgerald",None — paper doll come try it on step out of that black chiffon here s a dress of gold and blue sure was fu...; None — on my way on my way on my way on my way i would like to reach out my hand oombayseeyou oombaytellyou...; Lil Uzi Vert — are you alright i m alright i m quite alright and my money s right 8 countin them bands all way to t...; None — it s tearin up my heart when i m with you but when we are apart i feel it too and no matter what i d...; None — some of us we re hardly ever here the rest of us we re born to disappear how do i stop myself from b...
48,446603,5.960464477539063e-08,1.1166471242904663,1.1166470646858215,480368,"['Unknown genre'], ['ccm', 'christian alternative rock', 'christian music', 'worship'], ['contemporary country', 'country', 'country road'], ['gospel'], ['adult standards', 'easy listening', 'lounge']","Frank Sinatra, Johnny Cash, Willie Nelson, Elvis Presley, Ella Fitzgerald",None — paper doll come try it on step out of that black chiffon here s a dress of gold and blue sure was fu...; None — on my way on my way on my way on my way i would like to reach out my hand oombayseeyou oombaytellyou...; Lil Uzi Vert — are you alright i m alright i m quite alright and my money s right 8 countin them bands all way to t...; None — it s tearin up my heart when i m with you but when we are apart i feel it too and no matter what i d...; None — some of us we re hardly ever here the rest of us we re born to disappear how do i stop myself from b...
49,446602,4.214684778958144e-08,1.116033673286438,1.1160336311395902,480368,"['Unknown genre'], ['ccm', 'christian alternative rock', 'christian music', 'worship'], ['contemporary country', 'country', 'country road'], ['gospel'], ['adult standards', 'easy listening', 'lounge']","Frank Sinatra, Johnny Cash, Willie Nelson, Elvis Presley, Ella Fitzgerald",None — paper doll come try it on step out of that black chiffon here s a dress of gold and blue sure was fu...; None — on my way on my way on my way on my way i would like to reach out my hand oombayseeyou oombaytellyou...; Lil Uzi Vert — are you alright i m alright i m quite alright and my money s right 8 countin them bands all way to t...; None — it s tearin up my heart when i m with you but when we are apart i feel it too and no matter what i d...; None — some of us we re hardly ever here the rest of us we re born to disappear how do i stop myself from b...
50,446601,4.214684778958144e-08,1.1157708168029785,1.1157707746561307,480368,"['Unknown genre'], ['ccm', 'christian alternative rock', 'christian music', 'worship'], ['contemporary country', 'country', 'country road'], ['gospel'], ['adult standards', 'easy listening', 'lounge']","Frank Sinatra, Johnny Cash, Willie Nelson, Elvis Presley, Ella Fitzgerald",None — paper doll come try it on step out of that black chiffon here s a dress of gold and blue sure was fu...; None — on my way on my way on my way on my way i would like to reach out my hand oombayseeyou oombaytellyou...; Lil Uzi Vert — are you alright i m alright i m quite alright and my money s right 8 countin them bands all way to t...; None — it s tearin up my heart when i m with you but when we are apart i feel it too and no matter what i d...; None — some of us we re hardly ever here the rest of us we re born to disappear how do i stop myself from b...
51,446600,4.214684778958144e-08,1.1155420541763306,1.1155420120294828,480368,"['Unknown genre'], ['ccm', 'christian alternative rock', 'christian music', 'worship'], ['contemporary country', 'country', 'country road'], ['gospel'], ['adult standards', 'easy listening', 'lounge']","Frank Sinatra, Johnny Cash, Willie Nelson, Elvis Presley, Ella Fitzgerald",None — paper doll come try it on step out of that black chiffon here s a dress of gold and blue sure was fu...; None — on my way on my way on my way on my way i would like to reach out my hand oombayseeyou oombaytellyou...; Lil Uzi Vert — are you alright i m alright i m quite alright and my money s right 8 countin them bands all way to t...; None — it s tearin up my heart when i m with you but when we are apart i feel it too and no matter what i d...; None — some of us we re hardly ever here the rest of us we re born to disappear how do i stop myself from b...
52,446599,5.960464477539063e-08,1.1153485774993896,1.1153485178947449,480368,"['Unknown genre'], ['ccm', 'christian alternative rock', 'christian music', 'worship'], ['contemporary country', 'country', 'country road'], ['gospel'], ['adult standards', 'easy listening', 'lounge']","Frank Sinatra, Johnny Cash, Willie Nelson, Elvis Presley, Ella Fitzgerald",None — paper doll come try it on step out of that black chiffon here s a dress of gold and blue sure was fu...; None — on my way on my way on my way on my way i would like to reach out my hand oombayseeyou oombaytellyou...; Lil Uzi Vert — are you alright i m alright i m quite alright and my money s right 8 countin them bands all way to t...; None — it s tearin up my heart when i m with you but when we are apart i feel it too and no matter what i d...; None — some of us we re hardly ever here the rest of us we re born to disappear how do i stop myself from b...
53,446598,5.1619135632563484e-08,1.1138197183609009,1.1138196667417652,480368,"['Unknown genre'], ['ccm', 'christian alternative rock', 'christian music', 'worship'], ['contemporary country', 'country', 'country road'], ['gospel'], ['adult standards', 'easy listening', 'lounge']","Frank Sinatra, Johnny Cash, Willie Nelson, Elvis Presley, Ella Fitzgerald",None — paper doll come try it on step out of that black chiffon here s a dress of gold and blue sure was fu...; None — on my way on my way on my way on my way i would like to reach out my hand oombayseeyou oombaytellyou...; Lil Uzi Vert — are you alright i m alright i m quite alright and my money s right 8 countin them bands all way to t...; None — it s tearin up my heart when i m with you but when we are apart i feel it too and no matter what i d...; None — some of us we re hardly ever here the rest of us we re born to disappear how do i stop myself from b...
54,446597,4.214684778958144e-08,1.1134350299835205,1.1134349878366727,480368,"['Unknown genre'], ['ccm', 'christian alternative rock', 'christian music', 'worship'], ['contemporary country', 'country', 'country road'], ['gospel'], ['adult standards', 'easy listening', 'lounge']","Frank Sinatra, Johnny Cash, Willie Nelson, Elvis Presley, Ella Fitzgerald",None — paper doll come try it on step out of that black chiffon here s a dress of gold and blue sure was fu...; None — on my way on my way on my way on my way i would like to reach out my hand oombayseeyou oombaytellyou...; Lil Uzi Vert — are you alright i m alright i m quite alright and my money s right 8 countin them bands all way to t...; None — it s tearin up my heart when i m with you but when we are apart i feel it too and no matter what i d...; None — some of us we re hardly ever here the rest of us we re born to disappear how do i stop myself from b...
55,446596,4.214684778958144e-08,1.1131690740585327,1.113169031911685,480368,"['Unknown genre'], ['ccm', 'christian alternative rock', 'christian music', 'worship'], ['contemporary country', 'country', 'country road'], ['gospel'], ['adult standards', 'easy listening', 'lounge']","Frank Sinatra, Johnny Cash, Willie Nelson, Elvis Presley, Ella Fitzgerald",None — paper doll come try it on step out of that black chiffon here s a dress of gold and blue sure was fu...; None — on my way on my way on my way on my way i would like to reach out my hand oombayseeyou oombaytellyou...; Lil Uzi Vert — are you alright i m alright i m quite alright and my money s right 8 countin them bands all way to t...; None — it s tearin up my heart when i m with you but when we are apart i feel it too and no matter what i d...; None — some of us we re hardly ever here the rest of us we re born to disappear how do i stop myself from b...
56,446595,4.214684778958144e-08,1.1128594875335693,1.1128594453867215,480368,"['Unknown genre'], ['ccm', 'christian alternative rock', 'christian music', 'worship'], ['contemporary country', 'country', 'country road'], ['gospel'], ['adult standards', 'easy listening', 'lounge']","Frank Sinatra, Johnny Cash, Willie Nelson, Elvis Presley, Ella Fitzgerald",None — paper doll come try it on step out of that black chiffon here s a dress of gold and blue sure was fu...; None — on my way on my way on my way on my way i would like to reach out my hand oombayseeyou oombaytellyou...; Lil Uzi Vert — are you alright i m alright i m quite alright and my money s right 8 countin them bands all way to t...; None — it s tearin up my heart when i m with you but when we are apart i feel it too and no matter what i d...; None — some of us we re hardly ever here the rest of us we re born to disappear how do i stop myself from b...
57,446594,4.214684778958144e-08,1.110477089881897,1.1104770477350492,480368,"['Unknown genre'], ['ccm', 'christian alternative rock', 'christian music', 'worship'], ['contemporary country', 'country', 'country road'], ['gospel'], ['adult standards', 'easy listening', 'lounge']","Frank Sinatra, Johnny Cash, Willie Nelson, Elvis Presley, Ella Fitzgerald",None — paper doll come try it on step out of that black chiffon here s a dress of gold and blue sure was fu...; None — on my way on my way on my way on my way i would like to reach out my hand oombayseeyou oombaytellyou...; Lil Uzi Vert — are you alright i m alright i m quite alright and my money s right 8 countin them bands all way to t...; None — it s tearin up my heart when i m with you but when we are apart i feel it too and no matter what i d...; None — some of us we re hardly ever here the rest of us we re born to disappear how do i stop myself from b...
58,446593,4.214684778958144e-08,1.1104480028152466,1.1104479606683988,480368,"['Unknown genre'], ['ccm', 'christian alternative rock', 'christian music', 'worship'], ['contemporary country', 'country', 'country road'], ['gospel'], ['adult standards', 'easy listening', 'lounge']","Frank Sinatra, Johnny Cash, Willie Nelson, Elvis Presley, Ella Fitzgerald",None — paper doll come try it on step out of that black chiffon here s a dress of gold and blue sure was fu...; None — on my way on my way on my way on my way i would like to reach out my hand oombayseeyou oombaytellyou...; Lil Uzi Vert — are you alright i m alright i m quite alright and my money s right 8 countin them bands all way to t...; None — it s tearin up my heart when i m with you but when we are apart i feel it too and no matter what i d...; None — some of us we re hardly ever here the rest of us we re born to disappear how do i stop myself from b...
59,446592,5.960464477539063e-08,1.1102787256240845,1.1102786660194397,480368,"['Unknown genre'], ['ccm', 'christian alternative rock', 'christian music', 'worship'], ['contemporary country', 'country', 'country road'], ['gospel'], ['adult standards', 'easy listening', 'lounge']","Frank Sinatra, Johnny Cash, Willie Nelson, Elvis Presley, Ella Fitzgerald",None — paper doll come try it on step out of that black chiffon here s a dress of gold and blue sure was fu...; None — on my way on my way on my way on my way i would like to reach out my hand oombayseeyou oombaytellyou...; Lil Uzi Vert — are you alright i m alright i m quite alright and my money s right 8 countin them bands all way to t...; None — it s tearin up my heart when i m with you but when we are apart i feel it too and no matter what i d...; None — some of us we re hardly ever here the rest of us we re born to disappear how do i stop myself from b...
60,446591,5.960464477539063e-08,1.1102250814437866,1.1102250218391418,480368,"['Unknown genre'], ['ccm', 'christian alternative rock', 'christian music', 'worship'], ['contemporary country', 'country', 'country road'], ['gospel'], ['adult standards', 'easy listening', 'lounge']","Frank Sinatra, Johnny Cash, Willie Nelson, Elvis Presley, Ella Fitzgerald",None — paper doll come try it on step out of that black chiffon here s a dress of gold and blue sure was fu...; None — on my way on my way on my way on my way i would like to reach out my hand oombayseeyou oombaytellyou...; Lil Uzi Vert — are you alright i m alright i m quite alright and my money s right 8 countin them bands all way to t...; None — it s tearin up my heart when i m with you but when we are apart i feel it too and no matter what i d...; None — some of us we re hardly ever here the rest of us we re born to disappear how do i stop myself from b...
61,446590,5.960464477539063e-08,1.1097298860549927,1.109729826450348,480368,"['Unknown genre'], ['ccm', 'christian alternative rock', 'christian music', 'worship'], ['contemporary country', 'country', 'country road'], ['gospel'], ['adult standards', 'easy listening', 'lounge']","Frank Sinatra, Johnny Cash, Willie Nelson, Elvis Presley, Ella Fitzgerald",None — paper doll come try it on step out of that black chiffon here s a dress of gold and blue sure was fu...; None — on my way on my way on my way on my way i would like to reach out my hand oombayseeyou oombaytellyou...; Lil Uzi Vert — are you alright i m alright i m quite alright and my money s right 8 countin them bands all way to t...; None — it s tearin up my heart when i m with you but when we are apart i feel it too and no matter what i d...; None — some of us we re hardly ever here the rest of us we re born to disappear how do i stop myself from b...
62,446589,2.9802322387695312e-08,1.1096398830413818,1.1096398532390594,480368,"['Unknown genre'], ['ccm', 'christian alternative rock', 'christian music', 'worship'], ['contemporary country', 'country', 'country road'], ['gospel'], ['adult standards', 'easy listening', 'lounge']","Frank Sinatra, Johnny Cash, Willie Nelson, Elvis Presley, Ella Fitzgerald",None — paper doll come try it on step out of that black chiffon here s a dress of gold and blue sure was fu...; None — on my way on my way on my way on my way i would like to reach out my hand oombayseeyou oombaytellyou...; Lil Uzi Vert — are you alright i m alright i m quite alright and my money s right 8 countin them bands all way to t...; None — it s tearin up my heart when i m with you but when we are apart i feel it too and no matter what i d...; None — some of us we re hardly ever here the rest of us we re born to disappear how do i stop myself from b...
63,446588,5.960464477539063e-08,1.1079316139221191,1.1079315543174744,480368,"['Unknown genre'], ['ccm', 'christian alternative rock', 'christian music', 'worship'], ['contemporary country', 'country', 'country road'], ['gospel'], ['adult standards', 'easy listening', 'lounge']","Frank Sinatra, Johnny Cash, Willie Nelson, Elvis Presley, Ella Fitzgerald",None — paper doll come try it on step out of that black chiffon here s a dress of gold and blue sure was fu...; None — on my way on my way on my way on my way i would like to reach out my hand oombayseeyou oombaytellyou...; Lil Uzi Vert — are you alright i m alright i m quite alright and my money s right 8 countin them bands all way to t...; None — it s tearin up my heart when i m with you but when we are apart i feel it too and no matter what i d...; None — some of us we re hardly ever here the rest of us we re born to disappear how do i stop myself from b...
64,446587,0.0,1.1077828407287598,1.1077828407287598,480368,"['Unknown genre'], ['ccm', 'christian alternative rock', 'christian music', 'worship'], ['contemporary country', 'country', 'country road'], ['gospel'], ['adult standards', 'easy listening', 'lounge']","Frank Sinatra, Johnny Cash, Willie Nelson, Elvis Presley, Ella Fitzgerald",None — paper doll come try it on step out of that black chiffon here s a dress of gold and blue sure was fu...; None — on my way on my way on my way on my way i would like to reach out my hand oombayseeyou oombaytellyou...; Lil Uzi Vert — are you alright i m alright i m quite alright and my money s right 8 countin them bands all way to t...; None — it s tearin up my heart when i m with you but when we are apart i feel it too and no matter what i d...; None — some of us we re hardly ever here the rest of us we re born to disappear how do i stop myself from b...
65,446586,5.960464477539063e-08,1.1065919399261475,1.1065918803215027,480368,"['Unknown genre'], ['ccm', 'christian alternative rock', 'christian music', 'worship'], ['contemporary country', 'country', 'country road'], ['gospel'], ['adult standards', 'easy listening', 'lounge']","Frank Sinatra, Johnny Cash, Willie Nelson, Elvis Presley, Ella Fitzgerald",None — paper doll come try it on step out of that black chiffon here s a dress of gold and blue sure was fu...; None — on my way on my way on my way on my way i would like to reach out my hand oombayseeyou oombaytellyou...; Lil Uzi Vert — are you alright i m alright i m quite alright and my money s right 8 countin them bands all way to t...; None — it s tearin up my heart when i m with you but when we are apart i feel it too and no matter what i d...; None — some of us we re hardly ever here the rest of us we re born to disappear how do i stop myself from b...
66,446585,4.214684778958144e-08,1.1060960292816162,1.1060959871347684,480368,"['Unknown genre'], ['ccm', 'christian alternative rock', 'christian music', 'worship'], ['contemporary country', 'country', 'country road'], ['gospel'], ['adult standards', 'easy listening', 'lounge']","Frank Sinatra, Johnny Cash, Willie Nelson, Elvis Presley, Ella Fitzgerald",None — paper doll come try it on step out of that black chiffon here s a dress of gold and blue sure was fu...; None — on my way on my way on my way on my way i would like to reach out my hand oombayseeyou oombaytellyou...; Lil Uzi Vert — are you alright i m alright i m quite alright and my money s right 8 countin them bands all way to t...; None — it s tearin up my heart when i m with you but when we are apart i feel it too and no matter what i d...; None — some of us we re hardly ever here the rest of us we re born to disappear how do i stop myself from b...
67,446584,5.960464477539063e-08,1.1052554845809937,1.1052554249763489,480368,"['Unknown genre'], ['ccm', 'christian alternative rock', 'christian music', 'worship'], ['contemporary country', 'country', 'country road'], ['gospel'], ['adult standards', 'easy listening', 'lounge']","Frank Sinatra, Johnny Cash, Willie Nelson, Elvis Presley, Ella Fitzgerald",None — paper doll come try it on step out of that black chiffon here s a dress of gold and blue sure was fu...; None — on my way on my way on my way on my way i would like to reach out my hand oombayseeyou oombaytellyou...; Lil Uzi Vert — are you alright i m alright i m quite alright and my money s right 8 countin them bands all way to t...; None — it s tearin up my heart when i m with you but when we are apart i feel it too and no matter what i d...; None — some of us we re hardly ever here the rest of us we re born to disappear how do i stop myself from b...
68,446583,4.214684778958144e-08,1.105199933052063,1.1051998909052152,480368,"['Unknown genre'], ['ccm', 'christian alternative rock', 'christian music', 'worship'], ['contemporary country', 'country', 'country road'], ['gospel'], ['adult standards', 'easy listening', 'lounge']","Frank Sinatra, Johnny Cash, Willie Nelson, Elvis Presley, Ella Fitzgerald",None — paper doll come try it on step out of that black chiffon here s a dress of gold and blue sure was fu...; None — on my way on my way on my way on my way i would like to reach out my hand oombayseeyou oombaytellyou...; Lil Uzi Vert — are you alright i m alright i m quite alright and my money s right 8 countin them bands all way to t...; None — it s tearin up my heart when i m with you but when we are apart i feel it too and no matter what i d...; None — some of us we re hardly ever here the rest of us we re born to disappear how do i stop myself from b...
69,446582,0.0,1.1048030853271484,1.1048030853271484,480368,"['Unknown genre'], ['ccm', 'christian alternative rock', 'christian music', 'worship'], ['contemporary country', 'country', 'country road'], ['gospel'], ['adult standards', 'easy listening', 'lounge']","Frank Sinatra, Johnny Cash, Willie Nelson, Elvis Presley, Ella Fitzgerald",None — paper doll come try it on step out of that black chiffon here s a dress of gold and blue sure was fu...; None — on my way on my way on my way on my way i would like to reach out my hand oombayseeyou oombaytellyou...; Lil Uzi Vert — are you alright i m alright i m quite alright and my money s right 8 countin them bands all way to t...; None — it s tearin up my heart when i m with you but when we are apart i feel it too and no matter what i d...; None — some of us we re hardly ever here the rest of us we re born to disappear how do i stop myself from b...
70,446581,7.300048565639372e-08,1.1047873497009277,1.104787276700442,480368,"['Unknown genre'], ['ccm', 'christian alternative rock', 'christian music', 'worship'], ['contemporary country', 'country', 'country road'], ['gospel'], ['adult standards', 'easy listening', 'lounge']","Frank Sinatra, Johnny Cash, Willie Nelson, Elvis Presley, Ella Fitzgerald",None — paper doll come try it on step out of that black chiffon here s a dress of gold and blue sure was fu...; None — on my way on my way on my way on my way i would like to reach out my hand oombayseeyou oombaytellyou...; Lil Uzi Vert — are you alright i m alright i m quite alright and my money s right 8 countin them bands all way to t...; None — it s tearin up my heart when i m with you but when we are apart i feel it too and no matter what i d...; None — some of us we re hardly ever here the rest of us we re born to disappear how do i stop myself from b...
71,446580,0.0,1.1042933464050293,1.1042933464050293,480368,"['Unknown genre'], ['ccm', 'christian alternative rock', 'christian music', 'worship'], ['contemporary country', 'country', 'country road'], ['gospel'], ['adult standards', 'easy listening', 'lounge']","Frank Sinatra, Johnny Cash, Willie Nelson, Elvis Presley, Ella Fitzgerald",None — paper doll come try it on step out of that black chiffon here s a dress of gold and blue sure was fu...; None — on my way on my way on my way on my way i would like to reach out my hand oombayseeyou oombaytellyou...; Lil Uzi Vert — are you alright i m alright i m quite alright and my money s right 8 countin them bands all way to t...; None — it s tearin up my heart when i m with you but when we are apart i feel it too and no matter what i d...; None — some of us we re hardly ever here the rest of us we re born to disappear how do i stop myself from b...
72,446579,0.0,1.104079246520996,1.104079246520996,480368,"['Unknown genre'], ['ccm', 'christian alternative rock', 'christian music', 'worship'], ['contemporary country', 'country', 'country road'], ['gospel'], ['adult standards', 'easy listening', 'lounge']","Frank Sinatra, Johnny Cash, Willie Nelson, Elvis Presley, Ella Fitzgerald",None — paper doll come try it on step out of that black chiffon here s a dress of gold and blue sure was fu...; None — on my way on my way on my way on my way i would like to reach out my hand oombayseeyou oombaytellyou...; Lil Uzi Vert — are you alright i m alright i m quite alright and my money s right 8 countin them bands all way to t...; None — it s tearin up my heart when i m with you but when we are apart i feel it too and no matter what i d...; None — some of us we re hardly ever here the rest of us we re born to disappear how do i stop myself from b...
73,446578,4.214684778958144e-08,1.1032744646072388,1.103274422460391,480368,"['Unknown genre'], ['ccm', 'christian alternative rock', 'christian music', 'worship'], ['contemporary country', 'country', 'country road'], ['gospel'], ['adult standards', 'easy listening', 'lounge']","Frank Sinatra, Johnny Cash, Willie Nelson, Elvis Presley, Ella Fitzgerald",None — paper doll come try it on step out of that black chiffon here s a dress of gold and blue sure was fu...; None — on my way on my way on my way on my way i would like to reach out my hand oombayseeyou oombaytellyou...; Lil Uzi Vert — are you alright i m alright i m quite alright and my money s right 8 countin them bands all way to t...; None — it s tearin up my heart when i m with you but when we are apart i feel it too and no matter what i d...; None — some of us we re hardly ever here the rest of us we re born to disappear how do i stop myself from b...
74,446577,5.960464477539063e-08,1.1031913757324219,1.103191316127777,480368,"['Unknown genre'], ['ccm', 'christian alternative rock', 'christian music', 'worship'], ['contemporary country', 'country', 'country road'], ['gospel'], ['adult standards', 'easy listening', 'lounge']","Frank Sinatra, Johnny Cash, Willie Nelson, Elvis Presley, Ella Fitzgerald",None — paper doll come try it on step out of that black chiffon here s a dress of gold and blue sure was fu...; None — on my way on my way on my way on my way i would like to reach out my hand oombayseeyou oombaytellyou...; Lil Uzi Vert — are you alright i m alright i m quite alright and my money s right 8 countin them bands all way to t...; None — it s tearin up my heart when i m with you but when we are apart i feel it too and no matter what i d...; None — some of us we re hardly ever here the rest of us we re born to disappear how do i stop myself from b...
75,446576,5.960464477539063e-08,1.1030858755111694,1.1030858159065247,480368,"['Unknown genre'], ['ccm', 'christian alternative rock', 'christian music', 'worship'], ['contemporary country', 'country', 'country road'], ['gospel'], ['adult standards', 'easy listening', 'lounge']","Frank Sinatra, Johnny Cash, Willie Nelson, Elvis Presley, Ella Fitzgerald",None — paper doll come try it on step out of that black chiffon here s a dress of gold and blue sure was fu...; None — on my way on my way on my way on my way i would like to reach out my hand oombayseeyou oombaytellyou...; Lil Uzi Vert — are you alright i m alright i m quite alright and my money s right 8 countin them bands all way to t...; None — it s tearin up my heart when i m with you but when we are apart i feel it too and no matter what i d...; None — some of us we re hardly ever here the rest of us we re born to disappear how do i stop myself from b...
76,446575,5.960464477539063e-08,1.102994680404663,1.1029946208000183,480368,"['Unknown genre'], ['ccm', 'christian alternative rock', 'christian music', 'worship'], ['contemporary country', 'country', 'country road'], ['gospel'], ['adult standards', 'easy listening', 'lounge']","Frank Sinatra, Johnny Cash, Willie Nelson, Elvis Presley, Ella Fitzgerald",None — paper doll come try it on step out of that black chiffon here s a dress of gold and blue sure was fu...; None — on my way on my way on my way on my way i would like to reach out my hand oombayseeyou oombaytellyou...; Lil Uzi Vert — are you alright i m alright i m quite alright and my money s right 8 countin them bands all way to t...; None — it s tearin up my heart when i m with you but when we are apart i feel it too and no matter what i d...; None — some of us we re hardly ever here the rest of us we re born to disappear how do i stop myself from b...
77,446574,4.214684778958144e-08,1.1028780937194824,1.1028780515726346,480368,"['Unknown genre'], ['ccm', 'christian alternative rock', 'christian music', 'worship'], ['contemporary country', 'country', 'country road'], ['gospel'], ['adult standards', 'easy listening', 'lounge']","Frank Sinatra, Johnny Cash, Willie Nelson, Elvis Presley, Ella Fitzgerald",None — paper doll come try it on step out of that black chiffon here s a dress of gold and blue sure was fu...; None — on my way on my way on my way on my way i would like to reach out my hand oombayseeyou oombaytellyou...; Lil Uzi Vert — are you alright i m alright i m quite alright and my money s right 8 countin them bands all way to t...; None — it s tearin up my heart when i m with you but when we are apart i feel it too and no matter what i d...; None — some of us we re hardly ever here the rest of us we re born to disappear how do i stop myself from b...
78,446573,4.214684778958144e-08,1.1009348630905151,1.1009348209436673,480368,"['Unknown genre'], ['ccm', 'christian alternative rock', 'christian music', 'worship'], ['contemporary country', 'country', 'country road'], ['gospel'], ['adult standards', 'easy listening', 'lounge']","Frank Sinatra, Johnny Cash, Willie Nelson, Elvis Presley, Ella Fitzgerald",None — paper doll come try it on step out of that black chiffon here s a dress of gold and blue sure was fu...; None — on my way on my way on my way on my way i would like to reach out my hand oombayseeyou oombaytellyou...; Lil Uzi Vert — are you alright i m alright i m quite alright and my money s right 8 countin them bands all way to t...; None — it s tearin up my heart when i m with you but when we are apart i feel it too and no matter what i d...; None — some of us we re hardly ever here the rest of us we re born to disappear how do i stop myself from b...
79,446572,5.960464477539063e-08,1.1007696390151978,1.100769579410553,480368,"['Unknown genre'], ['ccm', 'christian alternative rock', 'christian music', 'worship'], ['contemporary country', 'country', 'country road'], ['gospel'], ['adult standards', 'easy listening', 'lounge']","Frank Sinatra, Johnny Cash, Willie Nelson, Elvis Presley, Ella Fitzgerald",None — paper doll come try it on step out of that black chiffon here s a dress of gold and blue sure was fu...; None — on my way on my way on my way on my way i would like to reach out my hand oombayseeyou oombaytellyou...; Lil Uzi Vert — are you alright i m alright i m quite alright and my money s right 8 countin them bands all way to t...; None — it s tearin up my heart when i m with you but when we are apart i feel it too and no matter what i d...; None — some of us we re hardly ever here the rest of us we re born to disappear how do i stop myself from b...
80,446571,0.0,1.1007052659988403,1.1007052659988403,480368,"['Unknown genre'], ['ccm', 'christian alternative rock', 'christian music', 'worship'], ['contemporary country', 'country', 'country road'], ['gospel'], ['adult standards', 'easy listening', 'lounge']","Frank Sinatra, Johnny Cash, Willie Nelson, Elvis Presley, Ella Fitzgerald",None — paper doll come try it on step out of that black chiffon here s a dress of gold and blue sure was fu...; None — on my way on my way on my way on my way i would like to reach out my hand oombayseeyou oombaytellyou...; Lil Uzi Vert — are you alright i m alright i m quite alright and my money s right 8 countin them bands all way to t...; None — it s tearin up my heart when i m with you but when we are apart i feel it too and no matter what i d...; None — some of us we re hardly ever here the rest of us we re born to disappear how do i stop myself from b...
81,446570,0.0,1.0999338626861572,1.0999338626861572,480368,"['Unknown genre'], ['ccm', 'christian alternative rock', 'christian music', 'worship'], ['contemporary country', 'country', 'country road'], ['gospel'], ['adult standards', 'easy listening', 'lounge']","Frank Sinatra, Johnny Cash, Willie Nelson, Elvis Presley, Ella Fitzgerald",None — paper doll come try it on step out of that black chiffon here s a dress of gold and blue sure was fu...; None — on my way on my way on my way on my way i would like to reach out my hand oombayseeyou oombaytellyou...; Lil Uzi Vert — are you alright i m alright i m quite alright and my money s right 8 countin them bands all way to t...; None — it s tearin up my heart when i m with you but when we are apart i feel it too and no matter what i d...; None — some of us we re hardly ever here the rest of us we re born to disappear how do i stop myself from b...
82,446569,2.9802322387695312e-08,1.099879264831543,1.0998792350292206,480368,"['Unknown genre'], ['ccm', 'christian alternative rock', 'christian music', 'worship'], ['contemporary country', 'country', 'country road'], ['gospel'], ['adult standards', 'easy listening', 'lounge']","Frank Sinatra, Johnny Cash, Willie Nelson, Elvis Presley, Ella Fitzgerald",None — paper doll come try it on step out of that black chiffon here s a dress of gold and blue sure was fu...; None — on my way on my way on my way on my way i would like to reach out my hand oombayseeyou oombaytellyou...; Lil Uzi Vert — are you alright i m alright i m quite alright and my money s right 8 countin them bands all way to t...; None — it s tearin up my heart when i m with you but when we are apart i feel it too and no matter what i d...; None — some of us we re hardly ever here the rest of us we re born to disappear how do i stop myself from b...
83,446568,5.960464477539063e-08,1.0989404916763306,1.0989404320716858,480368,"['Unknown genre'], ['ccm', 'christian alternative rock', 'christian music', 'worship'], ['contemporary country', 'country', 'country road'], ['gospel'], ['adult standards', 'easy listening', 'lounge']","Frank Sinatra, Johnny Cash, Willie Nelson, Elvis Presley, Ella Fitzgerald",None — paper doll come try it on step out of that black chiffon here s a dress of gold and blue sure was fu...; None — on my way on my way on my way on my way i would like to reach out my hand oombayseeyou oombaytellyou...; Lil Uzi Vert — are you alright i m alright i m quite alright and my money s right 8 countin them bands all way to t...; None — it s tearin up my heart when i m with you but when we are apart i feel it too and no matter what i d...; None — some of us we re hardly ever here the rest of us we re born to disappear how do i stop myself from b...
84,446567,5.960464477539063e-08,1.09879732131958,1.0987972617149353,480368,"['Unknown genre'], ['ccm', 'christian alternative rock', 'christian music', 'worship'], ['contemporary country', 'country', 'country road'], ['gospel'], ['adult standards', 'easy listening', 'lounge']","Frank Sinatra, Johnny Cash, Willie Nelson, Elvis Presley, Ella Fitzgerald",None — paper doll come try it on step out of that black chiffon here s a dress of gold and blue sure was fu...; None — on my way on my way on my way on my way i would like to reach out my hand oombayseeyou oombaytellyou...; Lil Uzi Vert — are you alright i m alright i m quite alright and my money s right 8 countin them bands all way to t...; None — it s tearin up my heart when i m with you but when we are apart i feel it too and no matter what i d...; None — some of us we re hardly ever here the rest of us we re born to disappear how do i stop myself from b...
85,446566,5.960464477539063e-08,1.0982565879821777,1.098256528377533,480368,"['Unknown genre'], ['ccm', 'christian alternative rock', 'christian music', 'worship'], ['contemporary country', 'country', 'country road'], ['gospel'], ['adult standards', 'easy listening', 'lounge']","Frank Sinatra, Johnny Cash, Willie Nelson, Elvis Presley, Ella Fitzgerald",None — paper doll come try it on step out of that black chiffon here s a dress of gold and blue sure was fu...; None — on my way on my way on my way on my way i would like to reach out my hand oombayseeyou oombaytellyou...; Lil Uzi Vert — are you alright i m alright i m quite alright and my money s right 8 countin them bands all way to t...; None — it s tearin up my heart when i m with you but when we are apart i feel it too and no matter what i d...; None — some of us we re hardly ever here the rest of us we re born to disappear how do i stop myself from b...
86,446565,5.960464477539063e-08,1.098088264465332,1.0980882048606873,480368,"['Unknown genre'], ['ccm', 'christian alternative rock', 'christian music', 'worship'], ['contemporary country', 'country', 'country road'], ['gospel'], ['adult standards', 'easy listening', 'lounge']","Frank Sinatra, Johnny Cash, Willie Nelson, Elvis Presley, Ella Fitzgerald",None — paper doll come try it on step out of that black chiffon here s a dress of gold and blue sure was fu...; None — on my way on my way on my way on my way i would like to reach out my hand oombayseeyou oombaytellyou...; Lil Uzi Vert — are you alright i m alright i m quite alright and my money s right 8 countin them bands all way to t...; None — it s tearin up my heart when i m with you but when we are apart i feel it too and no matter what i d...; None — some of us we re hardly ever here the rest of us we re born to disappear how do i stop myself from b...
87,446564,5.960464477539063e-08,1.0975579023361206,1.0975578427314758,480368,"['Unknown genre'], ['ccm', 'christian alternative rock', 'christian music', 'worship'], ['contemporary country', 'country', 'country road'], ['gospel'], ['adult standards', 'easy listening', 'lounge']","Frank Sinatra, Johnny Cash, Willie Nelson, Elvis Presley, Ella Fitzgerald",None — paper doll come try it on step out of that black chiffon here s a dress of gold and blue sure was fu...; None — on my way on my way on my way on my way i would like to reach out my hand oombayseeyou oombaytellyou...; Lil Uzi Vert — are you alright i m alright i m quite alright and my money s right 8 countin them bands all way to t...; None — it s tearin up my heart when i m with you but when we are apart i feel it too and no matter what i d...; None — some of us we re hardly ever here the rest of us we re born to disappear how do i stop myself from b...
88,446563,5.1619135632563484e-08,1.097388744354248,1.0973886927351124,480368,"['Unknown genre'], ['ccm', 'christian alternative rock', 'christian music', 'worship'], ['contemporary country', 'country', 'country road'], ['gospel'], ['adult standards', 'easy listening', 'lounge']","Frank Sinatra, Johnny Cash, Willie Nelson, Elvis Presley, Ella Fitzgerald",None — paper doll come try it on step out of that black chiffon here s a dress of gold and blue sure was fu...; None — on my way on my way on my way on my way i would like to reach out my hand oombayseeyou oombaytellyou...; Lil Uzi Vert — are you alright i m alright i m quite alright and my money s right 8 countin them bands all way to t...; None — it s tearin up my heart when i m with you but when we are apart i feel it too and no matter what i d...; None — some of us we re hardly ever here the rest of us we re born to disappear how do i stop myself from b...
89,446562,4.214684778958144e-08,1.0971500873565674,1.0971500452097196,480368,"['Unknown genre'], ['ccm', 'christian alternative rock', 'christian music', 'worship'], ['contemporary country', 'country', 'country road'], ['gospel'], ['adult standards', 'easy listening', 'lounge']","Frank Sinatra, Johnny Cash, Willie Nelson, Elvis Presley, Ella Fitzgerald",None — paper doll come try it on step out of that black chiffon here s a dress of gold and blue sure was fu...; None — on my way on my way on my way on my way i would like to reach out my hand oombayseeyou oombaytellyou...; Lil Uzi Vert — are you alright i m alright i m quite alright and my money s right 8 countin them bands all way to t...; None — it s tearin up my heart when i m with you but when we are apart i feel it too and no matter what i d...; None — some of us we re hardly ever here the rest of us we re born to disappear how do i stop myself from b...
90,446561,5.960464477539063e-08,1.0963624715805054,1.0963624119758606,480368,"['Unknown genre'], ['ccm', 'christian alternative rock', 'christian music', 'worship'], ['contemporary country', 'country', 'country road'], ['gospel'], ['adult standards', 'easy listening', 'lounge']","Frank Sinatra, Johnny Cash, Willie Nelson, Elvis Presley, Ella Fitzgerald",None — paper doll come try it on step out of that black chiffon here s a dress of gold and blue sure was fu...; None — on my way on my way on my way on my way i would like to reach out my hand oombayseeyou oombaytellyou...; Lil Uzi Vert — are you alright i m alright i m quite alright and my money s right 8 countin them bands all way to t...; None — it s tearin up my heart when i m with you but when we are apart i feel it too and no matter what i d...; None — some of us we re hardly ever here the rest of us we re born to disappear how do i stop myself from b...
91,446560,0.0,1.0958199501037598,1.0958199501037598,480368,"['Unknown genre'], ['ccm', 'christian alternative rock', 'christian music', 'worship'], ['contemporary country', 'country', 'country road'], ['gospel'], ['adult standards', 'easy listening', 'lounge']","Frank Sinatra, Johnny Cash, Willie Nelson, Elvis Presley, Ella Fitzgerald",None — paper doll come try it on step out of that black chiffon here s a dress of gold and blue sure was fu...; None — on my way on my way on my way on my way i would like to reach out my hand oombayseeyou oombaytellyou...; Lil Uzi Vert — are you alright i m alright i m quite alright and my money s right 8 countin them bands all way to t...; None — it s tearin up my heart when i m with you but when we are apart i feel it too and no matter what i d...; None — some of us we re hardly ever here the rest of us we re born to disappear how do i stop myself from b...
92,446559,4.214684778958144e-08,1.0956802368164062,1.0956801946695585,480368,"['Unknown genre'], ['ccm', 'christian alternative rock', 'christian music', 'worship'], ['contemporary country', 'country', 'country road'], ['gospel'], ['adult standards', 'easy listening', 'lounge']","Frank Sinatra, Johnny Cash, Willie Nelson, Elvis Presley, Ella Fitzgerald",None — paper doll come try it on step out of that black chiffon here s a dress of gold and blue sure was fu...; None — on my way on my way on my way on my way i would like to reach out my hand oombayseeyou oombaytellyou...; Lil Uzi Vert — are you alright i m alright i m quite alright and my money s right 8 countin them bands all way to t...; None — it s tearin up my heart when i m with you but when we are apart i feel it too and no matter what i d...; None — some of us we re hardly ever here the rest of us we re born to disappear how do i stop myself from b...
93,446558,7.300048565639372e-08,1.0947920083999634,1.0947919353994777,480368,"['Unknown genre'], ['ccm', 'christian alternative rock', 'christian music', 'worship'], ['contemporary country', 'country', 'country road'], ['gospel'], ['adult standards', 'easy listening', 'lounge']","Frank Sinatra, Johnny Cash, Willie Nelson, Elvis Presley, Ella Fitzgerald",None — paper doll come try it on step out of that black chiffon here s a dress of gold and blue sure was fu...; None — on my way on my way on my way on my way i would like to reach out my hand oombayseeyou oombaytellyou...; Lil Uzi Vert — are you alright i m alright i m quite alright and my money s right 8 countin them bands all way to t...; None — it s tearin up my heart when i m with you but when we are apart i feel it too and no matter what i d...; None — some of us we re hardly ever here the rest of us we re born to disappear how do i stop myself from b...
94,446557,4.214684778958144e-08,1.0945690870285034,1.0945690448816556,480368,"['Unknown genre'], ['ccm', 'christian alternative rock', 'christian music', 'worship'], ['contemporary country', 'country', 'country road'], ['gospel'], ['adult standards', 'easy listening', 'lounge']","Frank Sinatra, Johnny Cash, Willie Nelson, Elvis Presley, Ella Fitzgerald",None — paper doll come try it on step out of that black chiffon here s a dress of gold and blue sure was fu...; None — on my way on my way on my way on my way i would like to reach out my hand oombayseeyou oombaytellyou...; Lil Uzi Vert — are you alright i m alright i m quite alright and my money s right 8 countin them bands all way to t...; None — it s tearin up my heart when i m with you but when we are apart i feel it too and no matter what i d...; None — some of us we re hardly ever here the rest of us we re born to disappear how do i stop myself from b...
95,446556,4.214684778958144e-08,1.0944628715515137,1.0944628294046659,480368,"['Unknown genre'], ['ccm', 'christian alternative rock', 'christian music', 'worship'], ['contemporary country', 'country', 'country road'], ['gospel'], ['adult standards', 'easy listening', 'lounge']","Frank Sinatra, Johnny Cash, Willie Nelson, Elvis Presley, Ella Fitzgerald",None — paper doll come try it on step out of that black chiffon here s a dress of gold and blue sure was fu...; None — on my way on my way on my way on my way i would like to reach out my hand oombayseeyou oombaytellyou...; Lil Uzi Vert — are you alright i m alright i m quite alright and my money s right 8 countin them bands all way to t...; None — it s tearin up my heart when i m with you but when we are apart i feel it too and no matter what i d...; None — some of us we re hardly ever here the rest of us we re born to disappear how do i stop myself from b...
96,446555,4.214684778958144e-08,1.0938197374343872,1.0938196952875394,480368,"['Unknown genre'], ['ccm', 'christian alternative rock', 'christian music', 'worship'], ['contemporary country', 'country', 'country road'], ['gospel'], ['adult standards', 'easy listening', 'lounge']","Frank Sinatra, Johnny Cash, Willie Nelson, Elvis Presley, Ella Fitzgerald",None — paper doll come try it on step out of that black chiffon here s a dress of gold and blue sure was fu...; None — on my way on my way on my way on my way i would like to reach out my hand oombayseeyou oombaytellyou...; Lil Uzi Vert — are you alright i m alright i m quite alright and my money s right 8 countin them bands all way to t...; None — it s tearin up my heart when i m with you but when we are apart i feel it too and no matter what i d...; None — some of us we re hardly ever here the rest of us we re born to disappear how do i stop myself from b...
97,446554,5.960464477539063e-08,1.0935465097427368,1.093546450138092,480368,"['Unknown genre'], ['ccm', 'christian alternative rock', 'christian music', 'worship'], ['contemporary country', 'country', 'country road'], ['gospel'], ['adult standards', 'easy listening', 'lounge']","Frank Sinatra, Johnny Cash, Willie Nelson, Elvis Presley, Ella Fitzgerald",None — paper doll come try it on step out of that black chiffon here s a dress of gold and blue sure was fu...; None — on my way on my way on my way on my way i would like to reach out my hand oombayseeyou oombaytellyou...; Lil Uzi Vert — are you alright i m alright i m quite alright and my money s right 8 countin them bands all way to t...; None — it s tearin up my heart when i m with you but when we are apart i feel it too and no matter what i d...; None — some of us we re hardly ever here the rest of us we re born to disappear how do i stop myself from b...
98,446553,4.214684778958144e-08,1.09346342086792,1.0934633787210721,480368,"['Unknown genre'], ['ccm', 'christian alternative rock', 'christian music', 'worship'], ['contemporary country', 'country', 'country road'], ['gospel'], ['adult standards', 'easy listening', 'lounge']","Frank Sinatra, Johnny Cash, Willie Nelson, Elvis Presley, Ella Fitzgerald",None — paper doll come try it on step out of that black chiffon here s a dress of gold and blue sure was fu...; None — on my way on my way on my way on my way i would like to reach out my hand oombayseeyou oombaytellyou...; Lil Uzi Vert — are you alright i m alright i m quite alright and my money s right 8 countin them bands all way to t...; None — it s tearin up my heart when i m with you but when we are apart i feel it too and no matter what i d...; None — some of us we re hardly ever here the rest of us we re born to disappear how do i stop myself from b...
99,446552,0.0,1.0933334827423096,1.0933334827423096,480368,"['Unknown genre'], ['ccm', 'christian alternative rock', 'christian music', 'worship'], ['contemporary country', 'country', 'country road'], ['gospel'], ['adult standards', 'easy listening', 'lounge']","Frank Sinatra, Johnny Cash, Willie Nelson, Elvis Presley, Ella Fitzgerald",None — paper doll come try it on step out of that black chiffon here s a dress of gold and blue sure was fu...; None — on my way on my way on my way on my way i would like to reach out my hand oombayseeyou oombaytellyou...; Lil Uzi Vert — are you alright i m alright i m quite alright and my money s right 8 countin them bands all way to t...; None — it s tearin up my heart when i m with you but when we are apart i feel it too and no matter what i d...; None — some of us we re hardly ever here the rest of us we re born to disappear how do i stop myself from b...
100,446551,5.960464477539063e-08,1.093191146850586,1.0931910872459412,480368,"['Unknown genre'], ['ccm', 'christian alternative rock', 'christian music', 'worship'], ['contemporary country', 'country', 'country road'], ['gospel'], ['adult standards', 'easy listening', 'lounge']","Frank Sinatra, Johnny Cash, Willie Nelson, Elvis Presley, Ella Fitzgerald",None — paper doll come try it on step out of that black chiffon here s a dress of gold and blue sure was fu...; None — on my way on my way on my way on my way i would like to reach out my hand oombayseeyou oombaytellyou...; Lil Uzi Vert — are you alright i m alright i m quite alright and my money s right 8 countin them bands all way to t...; None — it s tearin up my heart when i m with you but when we are apart i feel it too and no matter what i d...; None — some of us we re hardly ever here the rest of us we re born to disappear how do i stop myself from b...
